server_name,server_id,latency,jitter,packet_loss,download,upload,download_bytes,upload_bytes,share_url
"fdcservers.net - Houston, TX","26652","47.982","16.12","N/A","57647","63433","676700","801616","https://www.speedtest.net/result/c/2020bb75-c431-4305-9620-9f67461df8f3"
"Comcast - Houston, TX","1763","47.806","14.409","N/A","2625561","208276","32669624","2780890","https://www.speedtest.net/result/c/4600ab58-5138-49f8-9304-dfd66cc0e9c1"
"PS Lightwave, Inc - Houston, TX","25206","46.975","6.029","0","66118","64031","835248","931528","https://www.speedtest.net/result/c/56aee388-9450-4594-9b2a-840bc480cd82"
"Tachus Fiber Internet - Kingwood, TX","31015","49.838","2.329","0","63492","65442","699170","824270","https://www.speedtest.net/result/c/237354c2-720c-4d18-a022-bcab53b56f85"
"fdcservers.net - Houston, TX","26652","44.858","4.352","N/A","64590","62631","710640","585650","https://www.speedtest.net/result/c/cfbe2366-90d6-42b1-b1f9-d6bdf3bc4aaf"
"En-Touch Systems Inc. - Houston, TX","11772","43.949","18.668","0","2437503","198042","27841112","1367832","https://www.speedtest.net/result/c/dcd9bb8a-1933-4b8e-bc27-f4e53fafc325"
"Comcast - Houston, TX","1763","43.979","4.799","N/A","2309277","215238","27903122","2743598","https://www.speedtest.net/result/c/3c0adedb-0d23-44c7-ab1e-0fa5d26d547e"
"CenturyLink - Houston, TX","10151","57.97","7.427","0","3056476","230291","37819037","1373220","https://www.speedtest.net/result/c/a1fbeb78-5e66-4bf1-aa6f-512c137556d4"
"PS Lightwave, Inc - Houston, TX","25206","45.074","7.681","0","62667","63935","778570","898456","https://www.speedtest.net/result/c/7e889fef-dded-4a6e-9591-911de41db6db"
"Comcast - Houston, TX","1763","40.165","5.465","N/A","3014087","200865","32970028","2438538","https://www.speedtest.net/result/c/e0752ee7-7f18-4f90-acee-52612e1a7ce6"
"PS Lightwave, Inc - Houston, TX","25206","52.849","4.405","0","58133","63147","609227","803374","https://www.speedtest.net/result/c/45fd09c5-90ff-4e03-9fb2-9e68dc808e9e"
"fdcservers.net - Houston, TX","26652","43.971","6.734","N/A","61184","62080","794065","711048","https://www.speedtest.net/result/c/af6e241f-db3e-49da-a766-45eff2c4e021"
"ICTX WaveMedia - Houston, TX","7340","65.856","6.057","0","629740","255406","7525258","3423380","https://www.speedtest.net/result/c/4be7f884-eaa3-4404-b691-ecd88a00007c"
"fdcservers.net - Houston, TX","26652","56.975","11.269","N/A","61016","62008","807933","683488","https://www.speedtest.net/result/c/b723b8d5-f821-46de-9e6a-95f1896af756"
"fdcservers.net - Houston, TX","26652","43.102","8.805","N/A","55892","62629","691499","839202","https://www.speedtest.net/result/c/cc04f46e-da5d-47bb-8a21-4690bccb730e"
"fdcservers.net - Houston, TX","26652","41.849","4.346","N/A","54432","62471","632902","857886","https://www.speedtest.net/result/c/4e156eb1-9f54-46a5-910f-c8e9e3844aef"
"Tachus Fiber Internet - Kingwood, TX","31015","42.905","9.285","0","63403","74924","731140","943810","https://www.speedtest.net/result/c/97cee8ba-018a-40e5-8957-16843f306d24"
"Comcast - Houston, TX","1763","42.943","6.512","N/A","2592795","187199","24953640","2776680","https://www.speedtest.net/result/c/01121e61-a185-4a7f-b671-637a7dd784f5"
"Comcast - Houston, TX","1763","43.861","4.015","N/A","2558160","197372","25892112","2195240","https://www.speedtest.net/result/c/3e82c7fc-9a3b-409a-ae20-991a4c114e6d"
"fdcservers.net - Houston, TX","26652","40.837","49.687","N/A","66805","62511","886054","714726","https://www.speedtest.net/result/c/38ce821b-ec27-4a88-8fe1-9715c6d86eb4"
"fdcservers.net - Houston, TX","26652","60.927","43.745","N/A","66839","63826","828930","686244","https://www.speedtest.net/result/c/a4ddf80c-2a21-4714-87e5-79feb2ab501b"
"Tachus Fiber Internet - Kingwood, TX","31015","51.002","19.01","0","65354","63278","769292","647740","https://www.speedtest.net/result/c/663e4b8a-e529-448e-9e2f-912321910339"
"PS Lightwave, Inc - Houston, TX","25206","76.982","13.504","0","65867","63027","846343","819910","https://www.speedtest.net/result/c/87870e64-0f0d-4a7e-a976-eaeb51e15f2f"
"Tachus Fiber Internet - Kingwood, TX","31015","41.917","11.544","0","58260","75167","761720","957710","https://www.speedtest.net/result/c/62da16f9-80e2-495e-b84f-6c827f068be7"
"fdcservers.net - Houston, TX","26652","43.002","2.787","N/A","61956","61881","801058","890188","https://www.speedtest.net/result/c/ff066ce6-aab9-4a30-a398-a2ac5b2acaa3"
"fdcservers.net - Houston, TX","26652","54.989","23.566","N/A","58865","62706","759469","735396","https://www.speedtest.net/result/c/f9e448d3-60c6-46b5-a2ff-7f0c756e319a"
"fdcservers.net - Houston, TX","26652","100.935","12.225","N/A","60382","62913","799018","817154","https://www.speedtest.net/result/c/f406330b-e6ad-4990-866b-418e89c7da3e"
"Comcast - Houston, TX","1763","39.9","15.812","N/A","2356836","239821","31349500","3148018","https://www.speedtest.net/result/c/91b7a4cb-0ed9-477c-a614-c942403f9fb7"
"fdcservers.net - Houston, TX","26652","45.949","6.27","N/A","66532","63443","779943","931528","https://www.speedtest.net/result/c/7935f9d6-2366-4ebb-b8bc-7d021ec600ef"
"Southern Broadband - Houston, TX","31868","64.101","13.174","0","61818","63805","706805","935282","https://www.speedtest.net/result/c/e73e96a9-0e7d-4fb0-a968-0b888be83102"
"Whitesky Communications LLC - Houston, TX","8049","89.966","28.955","0","56932","63065","726206","900490","https://www.speedtest.net/result/c/cdbc7d7d-b0ac-488c-a66b-7175eff601dc"
"Tachus Fiber Internet - Kingwood, TX","31015","42.081","8.688","0","63899","71364","902110","953540","https://www.speedtest.net/result/c/9ef201f3-60b6-47a8-852d-e7b8921ed0c9"
"fdcservers.net - Houston, TX","26652","41.868","4.493","N/A","62878","62894","688799","683108","https://www.speedtest.net/result/c/9b2a1ffa-284f-409b-b763-0346ea25bdce"
"fdcservers.net - Houston, TX","26652","43.04","4.216","N/A","65708","63652","828713","929770","https://www.speedtest.net/result/c/8151f222-1bea-4284-8d67-ba80c809a7ad"
"Tachus Fiber Internet - Kingwood, TX","31015","52.982","15.099","0","64455","59245","708990","547660","https://www.speedtest.net/result/c/8dbf9978-2d20-481b-a8c6-7a54af661cc8"
"fdcservers.net - Houston, TX","26652","108.066","19.979","N/A","56371","63137","642716","932906","https://www.speedtest.net/result/c/7dc057ba-ae9a-4d6e-91a8-458497ec82ed"
"PS Lightwave, Inc - Houston, TX","25206","85.781","7.932","0","67334","62774","794480","735396","https://www.speedtest.net/result/c/a3f63146-8f8a-46c9-a1f7-1bafbb5ba4a7"
"Comcast - Houston, TX","1763","42.935","5.071","N/A","1616756","222460","18485870","2707390","https://www.speedtest.net/result/c/d3fbce7f-3e4d-461d-85e1-47435ffdbdb9"
"fdcservers.net - Houston, TX","26652","50.972","4.527","N/A","66269","63320","703174","689922","https://www.speedtest.net/result/c/1c1e2871-ad58-4053-b247-3c400fd4d53b"
"PS Lightwave, Inc - Houston, TX","25206","93.93","24.767","0","65011","62427","772852","732640","https://www.speedtest.net/result/c/ac8e7bbc-a7fd-4170-9572-d38fdd71a56f"
"Tachus Fiber Internet - Kingwood, TX","31015","49.979","9.696","0","66126","68994","728360","917400","https://www.speedtest.net/result/c/69f3c027-4eb9-4786-a1b2-a8765868d50c"
"Comcast - Houston, TX","1763","52.911","26.766","N/A","1560098","204191","15109770","2964544","https://www.speedtest.net/result/c/77c206a8-5962-4446-8fd0-6711ab4f5cdc"
"Comcast - Houston, TX","1763","44.835","16.562","N/A","1963771","210801","24600056","1485494","https://www.speedtest.net/result/c/2e0edf50-1865-4d8f-a3b2-8cd4c1bc7476"
"fdcservers.net - Houston, TX","26652","42.005","9.094","N/A","65958","66215","632160","628910","https://www.speedtest.net/result/c/7af2cb07-8773-48cb-84db-ff3540fa5fc5"
"Tachus Fiber Internet - Kingwood, TX","31015","51.959","6.278","0","63629","65541","909060","949370","https://www.speedtest.net/result/c/ea9df40e-b6a9-450d-bf91-193ee9b2a209"
"Comcast - Houston, TX","1763","49.015","12.245","N/A","2395698","256640","26297752","979378","https://www.speedtest.net/result/c/0768ea45-e87b-4045-b96a-6fc028bc802f"
"Tachus Fiber Internet - Kingwood, TX","31015","54.796","21.606","0","62398","65157","903904","831220","https://www.speedtest.net/result/c/ef885b7b-0701-4718-a52c-044ceab52e84"
"Comcast - Houston, TX","1763","59.973","14.986","N/A","1617921","275295","15142842","3609904","https://www.speedtest.net/result/c/2a49e4a9-02f6-41ff-af6c-8f4b5f061da0"
"En-Touch Systems Inc. - Houston, TX","11772","60.839","13.576","0","2076317","246647","25357956","1016964","https://www.speedtest.net/result/c/14879b12-2a6e-4685-aa08-9dc047682211"
"fdcservers.net - Houston, TX","26652","38.959","11.801","N/A","58866","65193","679456","922880","https://www.speedtest.net/result/c/5f2208c5-c26e-4bf4-962c-245e50148b57"
"PS Lightwave, Inc - Houston, TX","25206","91.03","48.728","0","57272","61245","709544","743664","https://www.speedtest.net/result/c/94ee05d5-fc1f-41fa-aea8-dda629f79441"
"fdcservers.net - Houston, TX","26652","57.841","18.369","N/A","66091","64293","823586","745498","https://www.speedtest.net/result/c/29579b06-025a-4d23-b4c9-d2a41d68e936"
"Comcast - Houston, TX","1763","115.911","34.658","N/A","2149690","241525","24764038","1090768","https://www.speedtest.net/result/c/55fda4bf-79ce-440e-b85b-fcbc71878338"
"Comcast - Houston, TX","1763","42.96","9.515","N/A","2594821","230005","36778820","3210284","https://www.speedtest.net/result/c/c74c7ce8-0489-4896-8cba-5da3aad2dbb0"
"fdcservers.net - Houston, TX","26652","41.927","14.777","N/A","56043","62003","686711","822210","https://www.speedtest.net/result/c/0d9ec65b-93d8-4ffb-90f8-055ed24310b5"
"fdcservers.net - Houston, TX","26652","51.967","3.799","N/A","65231","61824","852982","697268","https://www.speedtest.net/result/c/02bf9937-712e-486a-bcc6-f9b0123a2ade"
"fdcservers.net - Houston, TX","26652","74.007","11.358","N/A","64092","65715","666196","714802","https://www.speedtest.net/result/c/2d66cf9a-0d17-43e7-b374-8407a538b339"
"Comcast - Houston, TX","1763","111.953","62.196","N/A","450385","221456","5819294","981526",""
"CenturyLink - Houston, TX","10151","116.859","10.818","0","733495","230143","8073702","1257430","https://www.speedtest.net/result/c/bf4b21c5-8401-47d8-8277-bbc212544495"
"PS Lightwave, Inc - Houston, TX","25206","73.985","20.761","0","67466","61848","830934","640770","https://www.speedtest.net/result/c/b6fc814c-259d-4a62-b5a0-10ef40828056"
"Comcast - Houston, TX","1763","159.891","2.112","N/A","367868","226528","4391686","1008316","https://www.speedtest.net/result/c/5b1a215a-d222-4640-83e3-e458be403982"
"Comcast - Houston, TX","1763","122.936","32.006","N/A","664286","212819","7437066","2769714","https://www.speedtest.net/result/c/3c1a19d1-3d6c-42c7-ac8e-607eeb751830"
"En-Touch Systems Inc. - Houston, TX","11772","63.872","216.531","0","509048","217057","7186270","2806986","https://www.speedtest.net/result/c/88014135-b6b3-4816-9e47-51931b607849"
"Comcast - Houston, TX","1763","93.942","193.267","N/A","436188","226628","4803708","2701802","https://www.speedtest.net/result/c/fb7d097a-d59b-4e18-9ad6-a80253e6412d"
"fdcservers.net - Houston, TX","26652","108.007","20.675","N/A","65960","65032","939796","741364","https://www.speedtest.net/result/c/03940183-4947-41f1-be23-b1f5ebe4a9ce"
"fdcservers.net - Houston, TX","26652","41.882","15.072","N/A","63688","61374","815776","927860","https://www.speedtest.net/result/c/884c18cd-fe58-4a08-a7a5-70f62424fb3d"
"Comcast - Houston, TX","1763","50.071","3.265","N/A","716127","233788","9790690","2922282","https://www.speedtest.net/result/c/8494406e-ad55-4e62-b70b-7686e53e459a"
"ICTX WaveMedia - Houston, TX","7340","108.963","13.764","0","603544","230779","7361276","2922738","https://www.speedtest.net/result/c/3284b35e-3930-4672-a289-d0b85ed821e4"
"fdcservers.net - Houston, TX","26652","92.917","23.076","N/A","66328","66765","831844","647280","https://www.speedtest.net/result/c/1c1e8a1e-4e78-4ec7-add8-06f1d86cf3de"
"Comcast - Houston, TX","1763","96.866","15.79","N/A","1193027","262220","14850706","3440410","https://www.speedtest.net/result/c/26020668-b016-4f71-b55e-b1d90f53a74a"
"PS Lightwave, Inc - Houston, TX","25206","55.998","12.496","0","68620","62012","937513","776052","https://www.speedtest.net/result/c/08085bd7-55b3-46a0-adff-747bf1517a7d"
"Comcast - Houston, TX","1763","88.995","7.035","N/A","1398473","287129","18477602","3987866","https://www.speedtest.net/result/c/5d51cfb1-bc4e-4d69-8a7a-41fe5da179e3"
"PS Lightwave, Inc - Houston, TX","25206","119.856","24.075","0","64635","139390","837408","1973296","https://www.speedtest.net/result/c/f2cc3609-f9ec-4877-bbbc-b43132449b95"
"Comcast - Houston, TX","1763","62.955","14.525","N/A","2262760","253142","26857220","3140852","https://www.speedtest.net/result/c/46667416-acb0-447e-8ac2-2a5886a1342c"
"PS Lightwave, Inc - Houston, TX","25206","119.859","46.896","0","65525","62476","777192","748254","https://www.speedtest.net/result/c/f0004394-6dc0-4406-91ee-26afc8fb58f5"
"Comcast - Houston, TX","1763","78.958","18.557","N/A","1610410","228786","22156862","2787694","https://www.speedtest.net/result/c/533414df-2485-4a8f-bf27-8ad060653f80"
"PS Lightwave, Inc - Houston, TX","25206","42.975","18.542","0","67925","62158","895585","813020","https://www.speedtest.net/result/c/473871ec-a7c7-4d18-b301-78cbb40a6381"
"PS Lightwave, Inc - Houston, TX","25206","46.937","10.818","0","66073","61686","797460","702324","https://www.speedtest.net/result/c/2544a2ad-c68b-48aa-bf07-549d90a06abf"
"Comcast - Houston, TX","1763","74.773","12.607","N/A","1567131","234788","18221294","2784758","https://www.speedtest.net/result/c/7ec32b05-d462-4444-87c7-6451f2184a85"
"Comcast - Houston, TX","1763","65.983","4.508","N/A","1169740","283735","12802998","3324658","https://www.speedtest.net/result/c/3fefb54b-351f-453e-beb9-74eb07948fd9"
"Comcast - Houston, TX","1763","41.101","14.137","N/A","1680119","260713","22825192","3183180","https://www.speedtest.net/result/c/e552df47-88ae-416e-a01d-f4abf51ac2de"
"Comcast - Houston, TX","1763","82.98","36.044","N/A","870077","332997","8773726","3699532","https://www.speedtest.net/result/c/46998464-f5ba-45d5-ba84-82a8eb98653d"
"Tachus Fiber Internet - Kingwood, TX","31015","45.949","20.715","0","63165","66038","607430","895160","https://www.speedtest.net/result/c/95c7975a-a67b-4f67-9520-ad473505c4d9"
"En-Touch Systems Inc. - Houston, TX","11772","48.98","3.753","0","1273086","195246","12778194","2474888","https://www.speedtest.net/result/c/27f12955-60b0-4855-92e0-60cc192369a8"
"PS Lightwave, Inc - Houston, TX","25206","42.104","4.865","0","64737","64811","645927","932450","https://www.speedtest.net/result/c/fc196ad6-6684-445d-84bf-8bfd49011eb4"
"PS Lightwave, Inc - Houston, TX","25206","42.937","9.037","0","59285","63510","606628","687622","https://www.speedtest.net/result/c/8322422f-eb3e-4c3b-ac61-f43e91f3e6ea"
"fdcservers.net - Houston, TX","26652","110.862","47.194","N/A","65477","61417","765860","722842","https://www.speedtest.net/result/c/fbc1d433-33c4-4a9b-9408-620028b810eb"
"fdcservers.net - Houston, TX","26652","39.961","5.779","N/A","65736","63638","816228","936584","https://www.speedtest.net/result/c/da3d27f1-aa05-4f9f-8d4e-58f4d257eaa4"
"PS Lightwave, Inc - Houston, TX","25206","65.948","15.762","0","69315","62388","841393","704158","https://www.speedtest.net/result/c/89b1ad76-155c-4b42-98ea-da043e291721"
"fdcservers.net - Houston, TX","26652","42.014","7.198","N/A","66296","64281","824957","806130","https://www.speedtest.net/result/c/cf5fe824-2dcd-428c-966d-836116f86532"
"Comcast - Houston, TX","1763","89.832","52.302","N/A","2203316","271507","25115124","1225508","https://www.speedtest.net/result/c/9f8d3d35-93bc-44c0-89dd-d3ddedf5db82"
"Comcast - Houston, TX","1763","40.939","7.335","N/A","2678830","253012","33835412","2946098","https://www.speedtest.net/result/c/0b5bd13b-4970-4a9d-b14a-d1d6de6035ca"
"Comcast - Houston, TX","1763","45.917","17.84","N/A","1275628","295442","17496466","4025680","https://www.speedtest.net/result/c/1378bb50-af10-49fe-ac97-1d73a794f5da"
"Tachus Fiber Internet - Kingwood, TX","31015","45.952","7.791","0","63453","69419","685270","782570","https://www.speedtest.net/result/c/ab580740-e2c3-4394-ab64-8c5b984f8eda"
"Tachus Fiber Internet - Kingwood, TX","31015","38.911","10.053","0","62934","74164","635230","950760","https://www.speedtest.net/result/c/205c9610-ecb1-4d63-b923-1472def0ae34"
"Comcast - Houston, TX","1763","48.966","3.762","N/A","1396591","246983","7018154","3507010","https://www.speedtest.net/result/c/e09de12a-2617-4bad-9e2e-67a4eeece938"
"Comcast - Houston, TX","1763","43.892","7.589","N/A","1622665","267251","20624526","3564886","https://www.speedtest.net/result/c/50d89ef8-583b-4501-b778-7133aa8d150c"
"fdcservers.net - Houston, TX","26652","39.93","14.279","N/A","64895","61825","845091","821288","https://www.speedtest.net/result/c/c25c649d-adb8-4559-b483-9fc45bd6cd4f"
"PS Lightwave, Inc - Houston, TX","25206","91.938","13.773","0","64095","63931","825422","889808","https://www.speedtest.net/result/c/b913ec77-2120-4004-b00b-215382cf21ac"
"Tachus Fiber Internet - Kingwood, TX","31015","61.102","9.76","0","65690","184332","974390","2540920","https://www.speedtest.net/result/c/33441ed0-3928-4678-8efb-18cb711c216b"
"Tachus Fiber Internet - Kingwood, TX","31015","46.97","9.244","0","63799","67768","827050","906280","https://www.speedtest.net/result/c/47a433e0-24d6-489e-aad4-27f08e604f4c"
"PS Lightwave, Inc - Houston, TX","25206","51.974","2.762","0","65875","64121","748646","938038","https://www.speedtest.net/result/c/35d622fb-5d3b-41ff-9a14-d3f2ab061246"
"Tachus Fiber Internet - Kingwood, TX","31015","44.078","8.698","0","59056","67601","630390","941030","https://www.speedtest.net/result/c/2214f0d4-47b4-414c-94a8-c9ac8c83377d"
"Comcast - Houston, TX","1763","56.003","12.95","N/A","1865947","202756","22848618","3049058","https://www.speedtest.net/result/c/224aae88-6fb8-47d7-afa5-f175299cf488"
"PS Lightwave, Inc - Houston, TX","25206","57.976","25.162","0","62913","63287","745567","795106","https://www.speedtest.net/result/c/c2249958-a35e-461e-9f5f-41c3ddc68eb9"
"Comcast - Houston, TX","1763","65.95","11.222","N/A","604375","230612","8535332","2907058","https://www.speedtest.net/result/c/285af886-214b-46a9-a3c3-d97d1408b9af"
"fdcservers.net - Houston, TX","26652","49.022","8.545","N/A","63756","62526","761216","689000","https://www.speedtest.net/result/c/9b750a3b-995b-4a6f-b8f2-a50b288511f3"
"fdcservers.net - Houston, TX","26652","48.964","13.837","N/A","64761","62374","840880","806130","https://www.speedtest.net/result/c/a7af187e-6da0-4094-aa45-4f48eba3e158"
"fdcservers.net - Houston, TX","26652","49.865","4.786","N/A","60346","64857","636407","800618","https://www.speedtest.net/result/c/b53a4acd-9121-4b37-b05f-6cd3c284c3fe"
"fdcservers.net - Houston, TX","26652","94.818","23.33","N/A","63796","64834","660831","856356","https://www.speedtest.net/result/c/3e61f297-a548-4d8b-80ed-0b0ffe00c7d6"
"fdcservers.net - Houston, TX","26652","80.95","13.657","N/A","63316","64537","632430","682110","https://www.speedtest.net/result/c/fc5e728f-e3e5-4dab-9dcf-292ee76ad7bd"
"PS Lightwave, Inc - Houston, TX","25206","98.014","39.483","0","61355","62994","648278","817772","https://www.speedtest.net/result/c/acba4812-34b5-4a9e-ad35-64203567af8f"
"PS Lightwave, Inc - Houston, TX","25206","105.129","177.731","0","65638","63837","697973","674460","https://www.speedtest.net/result/c/e0d26984-1e87-4f18-9830-b0099545244a"
"Southern Broadband - Houston, TX","31868","158.72","1.201","0","62838","64729","681481","928772","https://www.speedtest.net/result/c/3df101ca-16c3-4256-94af-33efcdd0251f"
"PS Lightwave, Inc - Houston, TX","25206","111.048","26.226","0","63026","65762","665502","949442","https://www.speedtest.net/result/c/f3ef2e2b-848f-4581-9151-81da2a02044b"
"PS Lightwave, Inc - Houston, TX","25206","105.963","6.939","0","62083","235507","744393","3356808","https://www.speedtest.net/result/c/fcf6980c-c447-4fb5-81d1-f9f2a15d34ce"
"fdcservers.net - Houston, TX","26652","44.926","11.092","N/A","66231","64894","746578","940262","https://www.speedtest.net/result/c/34852a0d-b226-4c22-af85-c47feb67cfc5"
"PS Lightwave, Inc - Houston, TX","25206","51.954","13.273","0","58166","63370","681322","826800","https://www.speedtest.net/result/c/0abbedff-fe95-4150-b928-0923c9204be0"
"PS Lightwave, Inc - Houston, TX","25206","46.032","8.771","0","61826","62129","727351","736774","https://www.speedtest.net/result/c/a6d3cd06-b9c8-4206-837d-5f70f5e8715e"
"PS Lightwave, Inc - Houston, TX","25206","74.901","5.379","0","62857","62125","739979","832312","https://www.speedtest.net/result/c/3f3c2f03-371c-4e20-b09e-65c4b8e1d57f"
"fdcservers.net - Houston, TX","26652","104.948","48.851","N/A","64273","62358","635998","705080","https://www.speedtest.net/result/c/49fb0e4f-a9a8-4728-a9d6-a45e1721c0ed"
"fdcservers.net - Houston, TX","26652","115.918","22.303","N/A","63238","65591","805437","828644","https://www.speedtest.net/result/c/e77fef03-825f-4c2c-b67d-779e4fce2b03"
"CenturyLink - Houston, TX","10151","60.975","5.255","0","1822740","255444","20503262","2845124","https://www.speedtest.net/result/c/4f7f1955-9117-49b0-8094-c6bf94d21596"
"Comcast - Houston, TX","1763","44.859","12.184","N/A","1841659","235618","20435778","1196570","https://www.speedtest.net/result/c/8fa5eea7-ce58-4195-91bc-426b5156bcbc"
"Tachus Fiber Internet - Kingwood, TX","31015","45.948","6.758","0","59279","69385","729750","859020","https://www.speedtest.net/result/c/410dc866-2da9-4beb-8967-746a6472e28e"
"PS Lightwave, Inc - Houston, TX","25206","42.963","5.026","0","63439","64704","746770","711666","https://www.speedtest.net/result/c/084ed135-c235-4cc5-a1bd-6111a9924e5f"
"Comcast - Houston, TX","1763","42.983","5.974","N/A","1976019","260441","21988746","3633786","https://www.speedtest.net/result/c/b77609de-d4d6-4d16-8aeb-e16a7fe3d0a0"
"Comcast - Houston, TX","1763","42.925","24.83","N/A","1620647","262298","20856030","1137250","https://www.speedtest.net/result/c/8838fa88-9c08-4e79-9386-49ff917ea8a3"
"Comcast - Houston, TX","1763","42.116","7.73","N/A","2342718","341495","32622772","4904312","https://www.speedtest.net/result/c/1ddeed32-3b57-4ef1-b386-ab4364f3e593"
"Tachus Fiber Internet - Kingwood, TX","31015","48.962","5.269","0","63986","68017","789520","669980","https://www.speedtest.net/result/c/21e923f0-fac8-44f5-9780-0d185036eba4"
"Comcast - Houston, TX","1763","41.952","17.507","N/A","1684142","280880","21915712","1325636","https://www.speedtest.net/result/c/9d4454ad-4c62-4949-aa25-1281dbcc20ac"
"fdcservers.net - Houston, TX","26652","48.873","7.31","N/A","66165","61516","797234","739986","https://www.speedtest.net/result/c/eee5c186-24fd-4ebc-976c-e44718131d0a"
"Tachus Fiber Internet - Kingwood, TX","31015","96.977","6.474","0","61746","70742","707343","938250","https://www.speedtest.net/result/c/bd27b99d-c23a-49ee-925c-84eae2d4a92a"
"En-Touch Systems Inc. - Houston, TX","11772","43.959","7.316","0","2661606","282021","23946884","1395458","https://www.speedtest.net/result/c/eced5d1e-7f42-4c2f-bcd4-43bbcf90f5cb"
"fdcservers.net - Houston, TX","26652","62.846","19.578","N/A","64308","61862","810038","809428","https://www.speedtest.net/result/c/6cb2342d-a0d0-46ef-addf-c8a6a597fbb9"
"Comcast - Houston, TX","1763","88.944","14.042","N/A","797861","280804","10498982","3891016","https://www.speedtest.net/result/c/f0c5f436-1aa3-47c3-96d7-0271e11ae09f"
"Comcast - Houston, TX","1763","98.98","8.798","N/A","1345008","225294","14696370","2731130","https://www.speedtest.net/result/c/d7ea21b0-83e4-4643-97fe-1a2bea22e670"
"Tachus Fiber Internet - Kingwood, TX","31015","56.954","4.265","0","65337","64413","724190","797844","https://www.speedtest.net/result/c/e01e554e-6717-4ac5-8fe6-2ce79a3a6050"
"En-Touch Systems Inc. - Houston, TX","11772","51.869","12.768","0","1985336","261073","19540040","3783922","https://www.speedtest.net/result/c/3f78b6f8-56d3-4892-b76b-266e3aa437bd"
"Tachus Fiber Internet - Spring, TX","7306","158.987","0.257","0","2445036","242770","31393150","3032980","https://www.speedtest.net/result/c/c9beeb1e-7aaf-4cd7-ae9c-9044553cc39e"
"Comcast - Houston, TX","1763","67.969","6.997","N/A","2037769","241602","22670856","1632930","https://www.speedtest.net/result/c/4cfa5c71-1a39-4585-8a6f-936a5ac349a3"
"Comcast - Houston, TX","1763","57.014","11.992","N/A","1567544","321690","21788936","4262858","https://www.speedtest.net/result/c/1918fe77-793f-4abd-a875-d530071ec8fb"
"fdcservers.net - Houston, TX","26652","50.007","8.977","N/A","64139","62707","728171","824044","https://www.speedtest.net/result/c/4f833e5d-f971-4e41-9a20-7efd0b6d5549"
"fdcservers.net - Houston, TX","26652","69.831","15.803","N/A","64054","62462","657852","924638","https://www.speedtest.net/result/c/f3c30f6a-97e7-4750-80a8-2c174edcf26a"
"fdcservers.net - Houston, TX","26652","64.016","36.533","N/A","65164","65857","746106","560390","https://www.speedtest.net/result/c/030fb6f6-869c-4f8e-a2e3-18b39811d6b7"
"fdcservers.net - Houston, TX","26652","40.98","5.976","N/A","62320","62326","811946","858038","https://www.speedtest.net/result/c/3019fa8d-a02f-47ea-bb09-a1a7fd4d7200"
"CenturyLink - Houston, TX","10151","90.951","22.521","0","1746086","253675","23595494","2832370","https://www.speedtest.net/result/c/746acb8f-97cc-452d-b859-c2a06351f434"
"En-Touch Systems Inc. - Houston, TX","11772","45.961","5.767","0","2059196","328853","22710818","4417118","https://www.speedtest.net/result/c/7dbd706f-332d-4a26-abe9-9ecda9ca13b0"
"fdcservers.net - Houston, TX","26652","38.993","8.24","N/A","62956","63824","761678","831552","https://www.speedtest.net/result/c/e9d3eb68-2deb-472e-b62b-8741dfd9d194"
"fdcservers.net - Houston, TX","26652","48.947","19.824","N/A","63265","62868","800216","931528","https://www.speedtest.net/result/c/b7808728-ec20-49af-b705-aacbd6b9a498"
"Tachus Fiber Internet - Kingwood, TX","31015","75.971","7.007","0","62260","63936","653300","557390","https://www.speedtest.net/result/c/3da6723d-a0a8-4919-985f-ca875cf25c5e"
"ICTX WaveMedia - Houston, TX","7340","97.94","34.741","0","2132180","212470","26431418","893410","https://www.speedtest.net/result/c/8ba79640-58d7-4c7d-9e03-33973462be37"
"fdcservers.net - Houston, TX","26652","46.982","7.266","N/A","62430","60400","649372","634878","https://www.speedtest.net/result/c/0ef6d4ed-7baa-40d8-90d5-314b1bf076fb"
"fdcservers.net - Houston, TX","26652","47.953","8.556","N/A","64309","233046","700276","3235088","https://www.speedtest.net/result/c/f4c01c6e-7b95-477b-a130-865e5cc9764a"
"Comcast - Houston, TX","1763","75.024","14.621","N/A","2100653","228473","20194590","3239612","https://www.speedtest.net/result/c/131f1170-0641-440a-aeff-0edf9543bd3f"
"Tachus Fiber Internet - Kingwood, TX","31015","47.957","7.256","0","62369","65659","647740","553220","https://www.speedtest.net/result/c/c7ee6686-becc-4a43-8734-540ab8b06f68"
"PS Lightwave, Inc - Houston, TX","25206","48.97","9.031","0","63913","63272","806794","896698","https://www.speedtest.net/result/c/22db537f-4c40-45c7-825e-dfc80ad1a20a"
"PS Lightwave, Inc - Houston, TX","25206","40.95","9.064","0","63751","62832","723480","910478","https://www.speedtest.net/result/c/be3aaebc-c9ff-4987-8d07-6ef7fcaa1d03"
"PS Lightwave, Inc - Houston, TX","25206","56.13","9.2","0","61104","62797","707667","790972","https://www.speedtest.net/result/c/f1959a19-6441-4aef-8ab7-b8bbf0e0075b"
"Tachus Fiber Internet - Kingwood, TX","31015","90.885","8.888","0","64314","70425","789520","956320","https://www.speedtest.net/result/c/97cfd4a2-7676-49fb-857e-ab9912f81e52"
"Comcast - Houston, TX","1763","83.986","12.478","N/A","2244341","260395","22943700","2809286","https://www.speedtest.net/result/c/b898306d-cf8b-4740-ad78-0b98e48d7053"
"fdcservers.net - Houston, TX","26652","43","12.434","N/A","63287","63447","729548","843336","https://www.speedtest.net/result/c/560cffeb-0ed8-469e-ac69-463edb631242"
"Tachus Fiber Internet - Kingwood, TX","31015","43.986","8.988","0","58757","69682","701950","939640","https://www.speedtest.net/result/c/624592a3-f160-4206-8b8c-d21560087696"
"fdcservers.net - Houston, TX","26652","92.076","36.992","N/A","68709","63169","865280","722072","https://www.speedtest.net/result/c/c25064f6-d11d-4461-be76-8d6b119dc16b"
"fdcservers.net - Houston, TX","26652","68.052","4.114","N/A","63531","63910","840466","823588","https://www.speedtest.net/result/c/da575ea3-c35f-453f-873e-71f13bb70e02"
"Comcast - Houston, TX","1763","43.115","6.441","N/A","2327148","214646","17889196","1594346","https://www.speedtest.net/result/c/b6a10f43-b30a-4642-91fa-16f544eb9dec"
"PS Lightwave, Inc - Houston, TX","25206","52.842","14.049","0","62884","62801","691762","830934","https://www.speedtest.net/result/c/d8564824-ae83-4969-addc-21d8f94c86c6"
"PS Lightwave, Inc - Houston, TX","25206","59.97","13.801","0","62040","62369","717676","810264","https://www.speedtest.net/result/c/a6d24dd3-27e3-455f-b267-a87685c4e622"
"Tachus Fiber Internet - Kingwood, TX","31015","159.855","0.102","0","64014","68900","689440","882650",""
"Tachus Fiber Internet - Kingwood, TX","31015","78.949","11.408","0","65716","68348","728360","954930","https://www.speedtest.net/result/c/f9f2ffbe-0f0a-4f0f-b65e-b53e4d62a5ab"
"Tachus Fiber Internet - Kingwood, TX","31015","46.14","7.174","0","65356","60997","713070","572664","https://www.speedtest.net/result/c/c52eb4de-54dd-405e-af1b-32cbd1e21dbd"
"Comcast - Houston, TX","1763","104.014","41.919","N/A","2279901","276842","23759476","1827998","https://www.speedtest.net/result/c/ca262c7c-8b98-436f-9d7d-23aaf632b25a"
"Southern Broadband - Houston, TX","31868","71.965","14.279","0","63412","61496","736232","751010","https://www.speedtest.net/result/c/12738000-7888-4474-ba78-cbc14c766a25"
"Tachus Fiber Internet - Kingwood, TX","31015","52.801","6.792","0","63040","63683","665810","625500","https://www.speedtest.net/result/c/44ccac9b-d514-4c3c-ad3f-20974113ae1a"
"Tachus Fiber Internet - Kingwood, TX","31015","86.081","16.015","0","64060","64503","762045","690830","https://www.speedtest.net/result/c/3a973fa1-d242-4c6e-94a8-f3153f8f1b6c"
"Tachus Fiber Internet - Kingwood, TX","31015","67.958","11.977","0","64661","65515","775620","568510","https://www.speedtest.net/result/c/d2339e5c-97d5-412c-a92d-867ec668d238"
"PS Lightwave, Inc - Houston, TX","25206","44.924","15.56","0","1585236","61898","17880928","699568","https://www.speedtest.net/result/c/17a3f03c-8970-4d3d-8aae-371ec9bc3796"
"Tachus Fiber Internet - Kingwood, TX","31015","49.96","6.77","0","66258","72104","970104","939640","https://www.speedtest.net/result/c/bb57816a-4506-4ca2-b996-917ecdb03b27"
"En-Touch Systems Inc. - Houston, TX","11772","44.013","7.021","0","1931533","238850","24040588","3190004","https://www.speedtest.net/result/c/5723f142-aa3e-4856-bfd3-cceb387ee3d5"
"Tachus Fiber Internet - Kingwood, TX","31015","124.98","14.744","0","61800","72487","688050","928520","https://www.speedtest.net/result/c/606bae99-9256-4baf-ad6e-e7d0435e3879"
"En-Touch Systems Inc. - Houston, TX","11772","53.166","9.933","0","2260090","278494","28782286","3675516","https://www.speedtest.net/result/c/784f75c0-6342-45f2-93f2-48122051b215"
"CenturyLink - Houston, TX","10151","74.08","24.201","0","1202969","227827","11704732","2894456","https://www.speedtest.net/result/c/cec4aed6-055a-40c9-a63c-531a7de7b517"
"Tachus Fiber Internet - Kingwood, TX","31015","42.953","6.976","0","63071","68108","669980","949370","https://www.speedtest.net/result/c/26e802c5-d5dc-41a2-acf6-95af68944373"
"fdcservers.net - Houston, TX","26652","41.979","7.472","N/A","57992","63612","652950","822286","https://www.speedtest.net/result/c/a73e7c65-900f-424c-a238-91fe90f0bb41"
"fdcservers.net - Houston, TX","26652","43.921","7.503","N/A","64959","67326","660832","759744","https://www.speedtest.net/result/c/cf5ca632-bd0d-447e-bf4a-fa34126ab1a0"
"fdcservers.net - Houston, TX","26652","48.943","3.606","N/A","64064","62404","834652","588872","https://www.speedtest.net/result/c/f566f479-912c-4a53-9e6a-0413299d7909"
"Comcast - Houston, TX","1763","79.016","127.366","N/A","1374865","200662","18925452","1496052","https://www.speedtest.net/result/c/4fc8926a-dbdb-4366-9566-5e17801b761a"
"En-Touch Systems Inc. - Houston, TX","11772","56.98","4.727","0","2117940","254164","24117756","3407272","https://www.speedtest.net/result/c/2381bb7c-582e-44de-b06c-61ddd943d814"
"Comcast - Houston, TX","1763","47.959","7.041","N/A","1593353","445087","18596110","3992066","https://www.speedtest.net/result/c/27ebeb0f-5c7c-4ef3-81f0-d64d0371154f"
"fdcservers.net - Houston, TX","26652","61.961","34.511","N/A","66683","61335","851604","799240","https://www.speedtest.net/result/c/7c44ccf1-8683-4eed-91b7-ab352cc03c41"
"fdcservers.net - Houston, TX","26652","159.835","0.109","N/A","62168","63158","722646","615586","https://www.speedtest.net/result/c/37edb2d4-734b-42dd-aef0-2a4ed0747c0a"
"fdcservers.net - Houston, TX","26652","49.934","40.595","N/A","65957","64110","957470","690378","https://www.speedtest.net/result/c/cc9a6cfe-2b04-42ea-8082-63db3622dd52"
"Tachus Fiber Internet - Kingwood, TX","31015","41.983","6.463","0","61518","66966","561534","878480","https://www.speedtest.net/result/c/32d4644c-5672-4f47-bf0f-7d651af8b198"
"En-Touch Systems Inc. - Houston, TX","11772","97.954","28.811","0","276056","228658","2863484","1031742","https://www.speedtest.net/result/c/fc58b66f-ecbf-465d-87b7-e553cbc33610"
"Tachus Fiber Internet - Kingwood, TX","31015","104.016","168.541","0","65005","65236","682076","676930","https://www.speedtest.net/result/c/4f0e0909-86c9-4f23-8101-d38565ab07f5"
"Comcast - Houston, TX","1763","115.006","9.583","N/A","526668","196017","4191876","1160276","https://www.speedtest.net/result/c/62e0d492-a5a8-4d91-af3d-3f628fd3c1e1"
"En-Touch Systems Inc. - Houston, TX","11772","159.925","2.536","0","1192534","246292","12503972","1492840","https://www.speedtest.net/result/c/fda3dece-c2f0-4eca-967e-e463ea0ef9a3"
"Comcast - Houston, TX","1763","152.137","7.896","N/A","274569","294452","3258970","4076058","https://www.speedtest.net/result/c/f3c6fdd1-cec9-4715-bf9a-787c4a4966ee"
"PS Lightwave, Inc - Houston, TX","25206","87.944","16.536","0","56693","63759","714130","720314","https://www.speedtest.net/result/c/73e889c8-38a4-4038-8f8d-59fb56b02198"
"PS Lightwave, Inc - Houston, TX","25206","49.962","4.525","0","63812","60794","695890","902590","https://www.speedtest.net/result/c/fa41a162-4691-49cd-8a2d-83748d4e8b02"
"fdcservers.net - Houston, TX","26652","66.947","8.705","N/A","63300","62742","673444","708292","https://www.speedtest.net/result/c/0e8da4f3-16c5-4281-8e5c-dbb127b7ad85"
"ICTX WaveMedia - Houston, TX","7340","100.158","18.526","0","399398","305449","2935140","4444440","https://www.speedtest.net/result/c/f03dc7ea-3732-4f3e-9d90-53f3f3d1bcd8"
"Tachus Fiber Internet - Kingwood, TX","31015","81.946","15.384","0","61058","65702","777010","899330","https://www.speedtest.net/result/c/7e228777-6867-46a9-b4df-453046c931c6"
"CenturyLink - Houston, TX","10151","159.794","0.107","0","418056","281255","3143218","3545594","https://www.speedtest.net/result/c/29e9ad9d-338d-4379-9557-991143c08ced"
"fdcservers.net - Houston, TX","26652","91.936","48.79","N/A","63024","64126","689753","716104","https://www.speedtest.net/result/c/7d18cb92-da8a-4ec1-b838-7cdc16e416b8"
"Tachus Fiber Internet - Spring, TX","7306","79.005","13.227","0","950392","296668","11773300","1395560","https://www.speedtest.net/result/c/603a230c-aafd-4601-a661-a3c50fe3f367"
"fdcservers.net - Houston, TX","26652","88.978","11.449","N/A","61734","62404","647660","811034","https://www.speedtest.net/result/c/6b8e27d6-9a00-4b5c-af64-6c200e830989"
"fdcservers.net - Houston, TX","26652","151.123","8.38","N/A","62704","65736","606630","841958","https://www.speedtest.net/result/c/b32e5078-c985-4fec-a83f-041f74815c19"
"ICTX WaveMedia - Houston, TX","7340","157.172","4.646","0","188253","271493","1783132","1456090","https://www.speedtest.net/result/c/6087168f-ff6a-4a0b-a0f9-4eb7182eb4d4"
"PS Lightwave, Inc - Houston, TX","25206","102.759","20.302","0","61391","63306","662323","833690","https://www.speedtest.net/result/c/19b57a2e-314f-4a4c-a650-0e2974e1f6ad"
"fdcservers.net - Houston, TX","26652","74.918","26.307","N/A","62624","61645","736486","660452","https://www.speedtest.net/result/c/ab367f44-1117-4659-adfd-ba1b5def3d90"
"Comcast - Houston, TX","1763","77.975","25.955","N/A","670709","397881","7548684","5697574","https://www.speedtest.net/result/c/806b9eb5-887d-4ac3-9c67-a3b0fcbe5fb7"
"fdcservers.net - Houston, TX","26652","136.932","25.542","N/A","63472","63614","898101","706914","https://www.speedtest.net/result/c/35c363ae-df39-4ab7-afa7-e4a83dcf7e8f"
"PS Lightwave, Inc - Houston, TX","25206","73.955","5.637","0","63336","62341","817142","717938","https://www.speedtest.net/result/c/338d7c9d-c27f-4edc-9237-638f157e848e"
"En-Touch Systems Inc. - Houston, TX","11772","96.999","37.265","0","696857","382029","8106774","2035696","https://www.speedtest.net/result/c/b5a5a8ee-43a4-48ec-a097-0a6e701ec3e1"
"ICTX WaveMedia - Houston, TX","7340","85.994","14.035","0","966454","435021","13943982","4790926","https://www.speedtest.net/result/c/677c8706-9c32-48c3-8e81-13bfbf7f40ec"
"fdcservers.net - Houston, TX","26652","93.979","38.669","N/A","63676","63524","811226","722072","https://www.speedtest.net/result/c/caffad8b-29d0-48e3-ad73-01faa7bb0b00"
"Whitesky Communications LLC - Houston, TX","8049","114.997","22.505","0","60588","62127","779669","753310","https://www.speedtest.net/result/c/82cbb2a0-6e3d-406c-8f0a-726c38c75b80"
"PS Lightwave, Inc - Houston, TX","25206","74.95","16.651","0","62569","61668","723450","726976","https://www.speedtest.net/result/c/909bb6a3-973c-4a92-9945-8ce3676297bf"
"En-Touch Systems Inc. - Houston, TX","11772","119.797","30.037","0","526757","286557","5805514","1854788",""
"Comcast - Houston, TX","1763","159.005","1.004","N/A","366663","293594","4019154","3458182","https://www.speedtest.net/result/c/a22a692a-2d33-4768-9625-6838b7b1fcc2"
"PS Lightwave, Inc - Houston, TX","25206","48.125","8.959","0","63091","62997","920067","859872","https://www.speedtest.net/result/c/7b4b4c0d-644d-4190-a077-b90cd04a69b0"
"Comcast - Houston, TX","1763","43.978","6.011","N/A","2028238","290303","22476596","4134970","https://www.speedtest.net/result/c/f91dece7-b6b3-4130-8181-b576aefc99d7"
"fdcservers.net - Houston, TX","26652","49.807","34.225","N/A","64024","62611","511141","706914","https://www.speedtest.net/result/c/297ffc2b-7e91-4d28-8c2a-644e428b9e9f"
"Comcast - Houston, TX","1763","78.842","10.143","N/A","1225451","265372","13219154","3660054","https://www.speedtest.net/result/c/c9467073-6957-4cd7-8be7-7e1088a8d4c8"
"fdcservers.net - Houston, TX","26652","82.968","16.009","N/A","62593","62637","776445","661906","https://www.speedtest.net/result/c/fe6d16af-a616-4610-8149-5f271737d939"
"Tachus Fiber Internet - Kingwood, TX","31015","50.802","11.988","0","64277","68748","643570","932690","https://www.speedtest.net/result/c/00fcfd60-3a2c-4b1a-b122-7f4b9c2d5df2"
"fdcservers.net - Houston, TX","26652","51.956","16.779","N/A","57517","63197","712117","724828","https://www.speedtest.net/result/c/92e456d7-5db1-4510-8561-a7a5b0f07366"
"En-Touch Systems Inc. - Houston, TX","11772","151.972","4.022","0","812654","269792","9480640","3783542","https://www.speedtest.net/result/c/42bd5e69-8db7-4596-99eb-18c37cd33e9d"
"Tachus Fiber Internet - Kingwood, TX","31015","114.948","15.736","0","64246","63667","818710","649130","https://www.speedtest.net/result/c/092b3bf0-136e-4914-97a7-a53244820b56"
"En-Touch Systems Inc. - Houston, TX","11772","49.969","11.55","0","1034068","307262","12200812","4221736","https://www.speedtest.net/result/c/7ca2c02b-cd9a-4c52-bea6-6e21e3d95e66"
"PS Lightwave, Inc - Houston, TX","25206","51.81","13.181","0","64131","63155","783135","800162","https://www.speedtest.net/result/c/eadd16aa-cf58-4e0a-b47e-26aae22bab41"
"fdcservers.net - Houston, TX","26652","64.993","11.049","N/A","69253","64634","788216","708292","https://www.speedtest.net/result/c/5f1f16ad-96d1-4f7c-9e93-9c3d323c59f9"
"PS Lightwave, Inc - Houston, TX","25206","92.084","45.272","0","62399","63800","753790","822286","https://www.speedtest.net/result/c/4431b45b-f88b-4146-962e-15d11e655a07"
"Tachus Fiber Internet - Kingwood, TX","31015","60.956","20.248","0","65467","66616","654764","553220","https://www.speedtest.net/result/c/39a5cb93-81a2-4d68-a5a8-a75319b5ce97"
"fdcservers.net - Houston, TX","26652","76.883","24.232","N/A","66133","65988","952236","604942","https://www.speedtest.net/result/c/38ae0b03-550a-4470-a8bc-8905057dccba"
"Comcast - Houston, TX","1763","76.903","9.547","N/A","865110","204884","10146214","2701346","https://www.speedtest.net/result/c/063094b1-6f70-49b8-a431-75e80457a83d"
"Tachus Fiber Internet - Kingwood, TX","31015","131.924","10.629","0","60351","71601","725486","953540","https://www.speedtest.net/result/c/f1798d33-bba2-4990-9d72-b908f06bebc6"
"PS Lightwave, Inc - Houston, TX","25206","159.928","0.047","0","62529","64752","712683","851224","https://www.speedtest.net/result/c/7557579f-8112-4f27-a9bf-650b0e9305fd"
"Comcast - Houston, TX","1763","112.96","21.881","N/A","2037783","179023","20321366","2351866","https://www.speedtest.net/result/c/a206bd2b-8831-4cb9-8df9-e4f33c92ba88"
"PS Lightwave, Inc - Houston, TX","25206","115.809","13.111","0","61515","66394","736489","943170","https://www.speedtest.net/result/c/fbcf5ed8-b025-4e88-bec8-27d526c24ebc"
"En-Touch Systems Inc. - Houston, TX","11772","112.861","9.744","0","872672","165240","10813166","2100994","https://www.speedtest.net/result/c/6a7043fb-13e2-4f58-ac9b-6275188492d2"
"Comcast - Houston, TX","1763","152.181","192.243","N/A","247407","143153","3898362","2103152","https://www.speedtest.net/result/c/085b7383-383c-4db9-8fd5-0563b0e6fa29"
"fdcservers.net - Houston, TX","26652","114.91","45.132","N/A","65554","63743","748128","739986","https://www.speedtest.net/result/c/303f5090-aaea-448e-a79c-b743023be5e8"
"PS Lightwave, Inc - Houston, TX","25206","83.97","27.032","0","62661","63647","693134","937040","https://www.speedtest.net/result/c/d439fcd3-801b-40b1-ac98-99d830d4139f"
"PS Lightwave, Inc - Houston, TX","25206","100.948","26.768","0","63695","63764","787590","931528","https://www.speedtest.net/result/c/a3aac64d-8332-4d2a-95c2-a144a90ec84c"
"fdcservers.net - Houston, TX","26652","41.992","12.517","N/A","64305","65030","738608","948064","https://www.speedtest.net/result/c/57bdf151-0b64-4b74-b112-00feb56d89a2"
"PS Lightwave, Inc - Houston, TX","25206","115.931","46.87","0","62769","65583","750804","702324","https://www.speedtest.net/result/c/69ad5503-41c7-4316-b80a-caafc418c6be"
"Tachus Fiber Internet - Kingwood, TX","31015","65.001","7.272","0","64544","64658","639400","875700","https://www.speedtest.net/result/c/b7a178a9-b731-445e-9aa0-18ed7ca1f7f4"
"fdcservers.net - Houston, TX","26652","98.966","23.659","N/A","61257","66995","527774","829176","https://www.speedtest.net/result/c/6bc647a7-e3f9-4e5a-95dd-01f35c25b879"
"fdcservers.net - Houston, TX","26652","52.963","18.547","N/A","62706","66297","724828","563602","https://www.speedtest.net/result/c/c2044db7-0b7b-4900-ae18-dd4e3d6c011f"
"En-Touch Systems Inc. - Houston, TX","11772","95.011","44.208","0","1542414","191669","16780980","2507960","https://www.speedtest.net/result/c/7c1b6538-1ed7-4960-9a0b-0d02419a1469"
"Comcast - Houston, TX","1763","81.956","10.07","N/A","1110809","204249","13100684","1482272","https://www.speedtest.net/result/c/b21d1465-7282-4368-89c1-8018d6f6b154"
"fdcservers.net - Houston, TX","26652","97.961","13.699","N/A","67258","64315","975254","929238","https://www.speedtest.net/result/c/d7938d83-8fc8-47d2-96f5-b9395874e14f"
"En-Touch Systems Inc. - Houston, TX","11772","116.942","159.72","0","802762","218241","10689146","2864406","https://www.speedtest.net/result/c/a50379e8-86d2-4e60-a1a8-84efac5f8c57"
"PS Lightwave, Inc - Houston, TX","25206","107.384","11.461","0","63164","65342","756522","840200","https://www.speedtest.net/result/c/add11046-7c9b-49e1-ab42-caaa80367068"
"fdcservers.net - Houston, TX","26652","101.946","17.621","N/A","64257","63395","673711","929086","https://www.speedtest.net/result/c/511995dd-e989-49e9-b474-7ccb5b551085"
"fdcservers.net - Houston, TX","26652","112.955","33.158","N/A","63690","70076","893597","938960","https://www.speedtest.net/result/c/8c2833d4-14ce-4667-b587-957f005a7977"
"fdcservers.net - Houston, TX","26652","110.825","12.312","N/A","64215","64796","754991","846092","https://www.speedtest.net/result/c/2b9d5ecd-7a39-41fb-9f0b-2aff059fa380"
"Comcast - Houston, TX","1763","115.072","94.724","N/A","1011958","155424","10565126","932070","https://www.speedtest.net/result/c/014b9650-9a5b-48c3-87f3-a8b113368853"
"PS Lightwave, Inc - Houston, TX","25206","149.109","10.737","0","63631","67115","654550","557254","https://www.speedtest.net/result/c/aad77214-e209-45cd-a553-248ce6ec7d50"
"ICTX WaveMedia - Houston, TX","7340","152.057","8.119","0","344220","222507","2820766","2711534","https://www.speedtest.net/result/c/03d678c4-cbb4-463f-a9ec-cb8766801638"
"Comcast - Houston, TX","1763","127.962","25.868","N/A","393752","204515","1978808","2628768","https://www.speedtest.net/result/c/979034f2-218b-43f5-ad27-16fd848c4bbd"
"Comcast - Houston, TX","1763","159.828","2.104","N/A","1253113","159998","15124928","2046198","https://www.speedtest.net/result/c/4054510e-0112-48c9-a74c-2b0d15472ad4"
"Comcast - Houston, TX","1763","89.855","27.139","N/A","1338197","193055","15079454","2880942","https://www.speedtest.net/result/c/0c4b8985-fd1d-41da-8b63-e7243e3d4409"
"Comcast - Houston, TX","1763","112.882","180.986","N/A","1020061","168518","10654696","2066544","https://www.speedtest.net/result/c/8598796c-3bc2-4011-9dd6-b28d208beb08"
"Comcast - Houston, TX","1763","51.907","14.944","N/A","1240044","152747","16245242","1638908","https://www.speedtest.net/result/c/ccbd4a6a-f602-4bd7-b353-0a10e5441779"
"fdcservers.net - Houston, TX","26652","153.794","2.545","N/A","59709","63528","810694","708910","https://www.speedtest.net/result/c/8190192c-24c6-4a81-809b-7f77916fc8ea"
"En-Touch Systems Inc. - Houston, TX","11772","110.829","19.538","0","742035","139664","9958806","1824938","https://www.speedtest.net/result/c/73bce195-82fe-4536-892c-852ee4107421"
"Tachus Fiber Internet - Kingwood, TX","31015","121.872","9.824","0","64476","70342","950760","906280","https://www.speedtest.net/result/c/655e3efe-663d-4202-af22-5c2b58ef2fd5"
"fdcservers.net - Houston, TX","26652","102.078","42.71","N/A","64345","66424","801677","800666",""
"Comcast - Houston, TX","1763","102.97","15.964","N/A","1037917","181192","11389170","2524496",""
"En-Touch Systems Inc. - Houston, TX","11772","159.841","7.898","0","401086","202748","4620434","2770246","https://www.speedtest.net/result/c/aaacd4d9-95c5-4d4c-a141-7359297ceb7b"
"Comcast - Houston, TX","1763","77.998","14.288","N/A","1153968","196457","13104780","2654038","https://www.speedtest.net/result/c/6616880a-584d-4190-b4be-33d1a62e2b48"
"PS Lightwave, Inc - Houston, TX","25206","100.846","14.784","0","63389","64718","787922","952740","https://www.speedtest.net/result/c/3324f29d-a5d1-4992-a572-a52f060be0c3"
"PS Lightwave, Inc - Houston, TX","25206","101.985","31.523","0","62379","72071","722658","526016","https://www.speedtest.net/result/c/bcf6c79e-a306-4b98-aac7-961d4a6a5a03"
"fdcservers.net - Houston, TX","26652","93.064","31.254","N/A","60578","63859","793728","821754","https://www.speedtest.net/result/c/c25a67c4-1816-43df-ac8b-6af2ef7f3738"
"Comcast - Houston, TX","1763","134.833","28.919","N/A","849442","171136","10587174","2168906","https://www.speedtest.net/result/c/4e9c262a-3be5-40f3-bf11-ae7775f6c4f9"
"PS Lightwave, Inc - Houston, TX","25206","150.999","6.526","0","63228","64434","691345","813942","https://www.speedtest.net/result/c/a5b1df7c-f2b3-4968-a9b3-4a5cca0d6190"
"fdcservers.net - Houston, TX","26652","116.943","9.328","N/A","63890","65091","835652","954954","https://www.speedtest.net/result/c/1da64e10-99f6-46a3-a19d-0f2b956fdeeb"
"PS Lightwave, Inc - Houston, TX","25206","119.006","111.804","0","66303","64454","601380","731718","https://www.speedtest.net/result/c/a7e4ab08-ae94-4fb3-9fb8-3ba342e0275f"
"En-Touch Systems Inc. - Houston, TX","11772","134.207","240.73","0","445005","202788","4980092","2726150","https://www.speedtest.net/result/c/24188716-5245-4888-b0f5-4312e488e191"
"fdcservers.net - Houston, TX","26652","80.043","20.943","N/A","62136","63242","746474","686862","https://www.speedtest.net/result/c/ea02ef5f-6c1b-4d44-858f-660431e38238"
"Comcast - Houston, TX","1763","99.986","18.616","N/A","1018100","265782","12465388","3697174","https://www.speedtest.net/result/c/bd1f7f60-1f93-47de-80b2-f9189cbab0ff"
"Comcast - Houston, TX","1763","158.856","0.861","N/A","693934","282952","7556952","2465242","https://www.speedtest.net/result/c/f22c06a4-4525-4142-925a-c86df61c8463"
"Comcast - Houston, TX","1763","155.948","4.057","N/A","449314","191094","5073796","1012916","https://www.speedtest.net/result/c/b7a55361-fdd2-469c-a717-90602c098535"
"En-Touch Systems Inc. - Houston, TX","11772","110.91","13.335","0","714361","204728","8824712","2805086","https://www.speedtest.net/result/c/01fb5952-e21e-4ac0-b1a9-de382476d118"
"fdcservers.net - Houston, TX","26652","101.681","11.617","N/A","63761","62816","751010","895320","https://www.speedtest.net/result/c/fc7a69f1-6b11-4904-901a-8e6e9aaa9c89"
"PS Lightwave, Inc - Houston, TX","25206","106.026","32.366","0","63405","65937","731718","866762","https://www.speedtest.net/result/c/dd21e426-bd27-4071-bf90-e5f81b703255"
"fdcservers.net - Houston, TX","26652","77.744","14.513","N/A","65534","65111","723450","937962","https://www.speedtest.net/result/c/1abd6314-3496-4877-b6ae-9a4d7e3c04c4"
"fdcservers.net - Houston, TX","26652","56.929","16.125","N/A","59102","64947","749466","888050","https://www.speedtest.net/result/c/d4d2a070-df98-4352-9a94-e07a43c9e27f"
"Comcast - Houston, TX","1763","67.884","10.323","N/A","1160278","177675","13418964","2387086","https://www.speedtest.net/result/c/72c5815a-82b9-4607-ba9b-2756dc13e0fa"
"PS Lightwave, Inc - Houston, TX","25206","81.953","23.366","0","60445","65565","756522","639392","https://www.speedtest.net/result/c/3c16c553-701c-4abf-8559-bae143044285"
"Comcast - Houston, TX","1763","111.886","19.46","N/A","1489805","214056","15680262","2832712","https://www.speedtest.net/result/c/669c8cb3-a09f-4f07-8918-e48857c82eef"
"PS Lightwave, Inc - Houston, TX","25206","121.958","43.957","0","63275","71036","710647","960010","https://www.speedtest.net/result/c/ac43f6da-bcc0-43a0-9f1e-808fb39f56f7"
"fdcservers.net - Houston, TX","26652","135.038","23.389","N/A","62339","66174","662818","757444","https://www.speedtest.net/result/c/9f8b6c2d-2e59-407a-a127-48e72cc3da00"
"En-Touch Systems Inc. - Houston, TX","11772","157.989","2.019","0","293022","196035","3697174","2582372","https://www.speedtest.net/result/c/216081a6-02e1-41d7-8bb9-56034c5a2d2e"
"En-Touch Systems Inc. - Houston, TX","11772","134.971","6.262","0","682180","159260","7125638","2094570","https://www.speedtest.net/result/c/4242eff0-c669-4fef-83c5-b202ffb2ae61"
"Southern Broadband - Houston, TX","31868","160.014","8.72","0","61440","64985","781906","866002","https://www.speedtest.net/result/c/0436f750-c4b9-4722-ac2d-36bad2278aa9"
"ICTX WaveMedia - Houston, TX","7340","83.026","14.581","0","682963","179319","7351630","808886","https://www.speedtest.net/result/c/7800371e-f8a7-4501-9318-6492ed138bd9"
"ICTX WaveMedia - Houston, TX","7340","123.973","32.539","0","958635","190776","11781900","1150174","https://www.speedtest.net/result/c/8e35c5cb-e04c-4d1f-a5d8-b2057a01b3b2"
"Comcast - Houston, TX","1763","125.931","194.042","N/A","1366306","209010","15444624","2906212","https://www.speedtest.net/result/c/65806bfa-c5eb-4871-a719-eb1530c4c1b4"
"Comcast - Houston, TX","1763","102.946","248.078","N/A","1090525","177378","13316992","2339322","https://www.speedtest.net/result/c/6838c6b6-d16c-4022-87e9-768cb6ee5dfc"
"Tachus Fiber Internet - Kingwood, TX","31015","73.985","30.49","0","65227","72062","685270","907670","https://www.speedtest.net/result/c/222c69df-0e36-48c3-af86-28b9657fa4d0"
"Comcast - Houston, TX","1763","113.082","11.733","N/A","1003242","306276","12098840","3926844","https://www.speedtest.net/result/c/ba4caf70-cd4f-4302-968d-666cfabe7c61"
"fdcservers.net - Houston, TX","26652","95.069","33.426","N/A","65150","63690","757900","869062","https://www.speedtest.net/result/c/7bb231c3-e576-478c-97d4-90fa8b2d2dce"
"En-Touch Systems Inc. - Houston, TX","11772","151.954","100.287","0","210180","213342","2268188","2575872","https://www.speedtest.net/result/c/24f97b30-5f02-44d3-9c5c-32c64b4bc093"
"En-Touch Systems Inc. - Houston, TX","11772","114.06","16.587","0","248763","203041","3462914","2533344","https://www.speedtest.net/result/c/e6630e24-ef49-4f28-a0e9-5a59e0851c5e"
"Tachus Fiber Internet - Kingwood, TX","31015","106.908","13.234","0","63347","69116","791685","903500","https://www.speedtest.net/result/c/b9a11954-b43f-4c87-ac89-4248f0c08dd7"
"En-Touch Systems Inc. - Houston, TX","11772","109.083","57.696","0","1672353","246355","19482164","3101422","https://www.speedtest.net/result/c/d440c74e-90fa-4fa5-8dea-438d37c3a94a"
"PS Lightwave, Inc - Houston, TX","25206","95.992","34.011","0","62016","67354","640770","954118","https://www.speedtest.net/result/c/5ad4ef23-0d19-47f8-a490-8cdb14a8b2fa"
"fdcservers.net - Houston, TX","26652","136.85","6.119","N/A","57746","66044","726604","947684","https://www.speedtest.net/result/c/92f5e6a3-13b2-4fc0-a3a4-348f6af9bfcc"
"Comcast - Houston, TX","1763","56.98","23.035","N/A","699935","180422","8069568","2519840","https://www.speedtest.net/result/c/6bedda0f-7189-4f6d-aea6-bb01732eb39d"
"PS Lightwave, Inc - Houston, TX","25206","88.008","14","0","66351","64287","968802","950364","https://www.speedtest.net/result/c/c92ed1b3-ff82-4d98-9ff1-bb1ecb6ae145"
"Comcast - Houston, TX","1763","80.954","47.904","N/A","1335204","191094","15549352","2519906","https://www.speedtest.net/result/c/75959fef-2675-403e-998d-5febcbbf77fb"
"PS Lightwave, Inc - Houston, TX","25206","126.824","30.352","0","67029","66755","975401","939416",""
"Comcast - Houston, TX","1763","126.833","24.515","N/A","422808","260282","4624568","1519934",""
"Comcast - Houston, TX","1763","119.904","62.436","N/A","342233","218700","5230888","3066906",""
"CenturyLink - Houston, TX","10151","84.966","17.989","0","1096525","173970","10883444","2177896",""
"Tachus Fiber Internet - Kingwood, TX","31015","129.985","30.131","0","67642","71723","917400","903500",""
"En-Touch Systems Inc. - Houston, TX","11772","114.001","18.812","0","601748","247338","7559708","3080106",""
"Tachus Fiber Internet - Spring, TX","7306","89.904","18.037","0","1683963","244537","17208200","3269280",""
"En-Touch Systems Inc. - Houston, TX","11772","142.974","15.297","0","695114","185435","7191782","2709614",""
"fdcservers.net - Houston, TX","26652","129.931","26.512","N/A","55955","65535","739779","957330",""
"En-Touch Systems Inc. - Houston, TX","11772","121.942","49.531","0","509557","181592","2771158","2443204",""
"En-Touch Systems Inc. - Houston, TX","11772","129.062","31.101","0","270069","208561","3651700","2853458",""
"Comcast - Houston, TX","1763","122.938","10.653","N/A","425198","209308","4715516","1080552",""
"fdcservers.net - Houston, TX","26652","65.947","12.254","N/A","65416","66954","883298","768924",""
"Tachus Fiber Internet - Kingwood, TX","31015","112.99","95.527","0","63626","66945","928520","952150",""
"En-Touch Systems Inc. - Houston, TX","11772","132.757","122.69","0","414751","241285","5542316","3399916",""
"fdcservers.net - Houston, TX","26652","95.958","17.684","N/A","58390","63412","746876","822210",""
"En-Touch Systems Inc. - Houston, TX","11772","96.982","21.036","0","644432","211678","7381946","3145518",""
"Comcast - Houston, TX","1763","130.886","29.123","N/A","450760","237807","5142696","3103570",""
"PS Lightwave, Inc - Houston, TX","25206","140.864","216.023","0","62239","66443","773046","525018",""
"fdcservers.net - Houston, TX","26652","79.015","9.925","N/A","65152","61799","763412","801996",""
"PS Lightwave, Inc - Houston, TX","25206","122.92","223.022","0","61332","67184","628441","852526",""
"ICTX WaveMedia - Houston, TX","7340","151.034","232.378","0","318787","186600","3293420","1077216",""
"En-Touch Systems Inc. - Houston, TX","11772","97.557","8.707","0","543987","194648","6183086","2822610",""
"fdcservers.net - Houston, TX","26652","121.96","32.096","N/A","62204","65995","782302","746496",""
"En-Touch Systems Inc. - Houston, TX","11772","150.055","19.468","0","304192","197016","3513900","2846112",""
"fdcservers.net - Houston, TX","26652","157.865","12.828","N/A","63613","64396","711110","699644",""
"Tachus Fiber Internet - Kingwood, TX","31015","117.031","12.487","0.862069","66404","70381","738090","528110",""
"PS Lightwave, Inc - Houston, TX","25206","104.07","34.208","0","59866","63977","701390","804752",""
"Comcast - Houston, TX","1763","130.764","7.313","N/A","339604","193580","3249324","2669120",""
"Comcast - Houston, TX","1763","126.95","33.048","N/A","294206","225577","3246568","2944786",""
"Comcast - Houston, TX","1763","113.85","25.019","N/A","493892","197752","5623618","2919346",""
"CenturyLink - Houston, TX","10151","156.847","218.524","0","767429","199359","7730580","2765656",""
"fdcservers.net - Houston, TX","26652","128.01","276.021","N/A","53882","64496","732090","936046","https://www.speedtest.net/result/c/f8e4c135-dfb8-403a-9c1b-2e449390a4a3"
